filename,class,model,predicted
portable/achallenges.py,portable,meta-llama/llama-3.3-70b-instruct,portable
portable/achallenges.py,portable,x-ai/grok-4-fast,portable
portable/achallenges.py,portable,openai/gpt-4o-mini,portable
portable/achallenges.py,portable,deepseek/deepseek-chat-v3.1:free,portable
portable/monitor.py,portable,meta-llama/llama-3.3-70b-instruct,nonportable
portable/monitor.py,portable,x-ai/grok-4-fast,portable
portable/monitor.py,portable,openai/gpt-4o-mini,nonportable
portable/monitor.py,portable,deepseek/deepseek-chat-v3.1:free,nonportable
portable/test_sync.py,portable,meta-llama/llama-3.3-70b-instruct,nonportable
portable/test_sync.py,portable,x-ai/grok-4-fast,portable
portable/test_sync.py,portable,openai/gpt-4o-mini,portable
portable/test_sync.py,portable,deepseek/deepseek-chat-v3.1:free,portable
portable/normal.py,portable,meta-llama/llama-3.3-70b-instruct,portable
portable/normal.py,portable,x-ai/grok-4-fast,portable
portable/normal.py,portable,openai/gpt-4o-mini,nonportable
portable/normal.py,portable,deepseek/deepseek-chat-v3.1:free,portable
portable/platform2.py,portable,meta-llama/llama-3.3-70b-instruct,nonportable
portable/platform2.py,portable,x-ai/grok-4-fast,portable
portable/platform2.py,portable,openai/gpt-4o-mini,nonportable
portable/platform2.py,portable,deepseek/deepseek-chat-v3.1:free,portable
portable/path2.py,portable,meta-llama/llama-3.3-70b-instruct,nonportable
portable/path2.py,portable,x-ai/grok-4-fast,portable
portable/path2.py,portable,openai/gpt-4o-mini,nonportable
portable/path2.py,portable,deepseek/deepseek-chat-v3.1:free,portable
portable/platform1.py,portable,meta-llama/llama-3.3-70b-instruct,nonportable
portable/platform1.py,portable,x-ai/grok-4-fast,portable
portable/platform1.py,portable,openai/gpt-4o-mini,portable
portable/platform1.py,portable,deepseek/deepseek-chat-v3.1:free,portable
portable/path1.py,portable,meta-llama/llama-3.3-70b-instruct,nonportable
portable/path1.py,portable,x-ai/grok-4-fast,portable
portable/path1.py,portable,openai/gpt-4o-mini,portable
portable/path1.py,portable,deepseek/deepseek-chat-v3.1:free,portable
portable/acouplecooks.py,portable,meta-llama/llama-3.3-70b-instruct,portable
portable/acouplecooks.py,portable,x-ai/grok-4-fast,portable
portable/acouplecooks.py,portable,openai/gpt-4o-mini,portable
portable/acouplecooks.py,portable,deepseek/deepseek-chat-v3.1:free,portable
portable/test_finder.py,portable,meta-llama/llama-3.3-70b-instruct,portable
portable/test_finder.py,portable,x-ai/grok-4-fast,portable
portable/test_finder.py,portable,openai/gpt-4o-mini,portable
portable/test_finder.py,portable,deepseek/deepseek-chat-v3.1:free,portable
portable/pipeline.py,portable,meta-llama/llama-3.3-70b-instruct,nonportable
portable/pipeline.py,portable,x-ai/grok-4-fast,portable
portable/pipeline.py,portable,openai/gpt-4o-mini,nonportable
portable/pipeline.py,portable,deepseek/deepseek-chat-v3.1:free,nonportable
portable/bar.py,portable,meta-llama/llama-3.3-70b-instruct,nonportable
portable/bar.py,portable,x-ai/grok-4-fast,portable
portable/bar.py,portable,openai/gpt-4o-mini,portable
portable/bar.py,portable,deepseek/deepseek-chat-v3.1:free,portable
portable/plugin1.py,portable,meta-llama/llama-3.3-70b-instruct,portable
portable/plugin1.py,portable,x-ai/grok-4-fast,portable
portable/plugin1.py,portable,openai/gpt-4o-mini,portable
portable/plugin1.py,portable,deepseek/deepseek-chat-v3.1:free,portable
portable/test_extract_list.py,portable,meta-llama/llama-3.3-70b-instruct,nonportable
portable/test_extract_list.py,portable,x-ai/grok-4-fast,portable
portable/test_extract_list.py,portable,openai/gpt-4o-mini,nonportable
portable/test_extract_list.py,portable,deepseek/deepseek-chat-v3.1:free,portable
portable/cookieandkate.py,portable,meta-llama/llama-3.3-70b-instruct,portable
portable/cookieandkate.py,portable,x-ai/grok-4-fast,portable
portable/cookieandkate.py,portable,openai/gpt-4o-mini,portable
portable/cookieandkate.py,portable,deepseek/deepseek-chat-v3.1:free,nonportable
portable/test_checker.py,portable,meta-llama/llama-3.3-70b-instruct,nonportable
portable/test_checker.py,portable,x-ai/grok-4-fast,portable
portable/test_checker.py,portable,openai/gpt-4o-mini,nonportable
portable/test_checker.py,portable,deepseek/deepseek-chat-v3.1:free,nonportable
portable/scrap.py,portable,meta-llama/llama-3.3-70b-instruct,nonportable
portable/scrap.py,portable,x-ai/grok-4-fast,portable
portable/scrap.py,portable,openai/gpt-4o-mini,nonportable
portable/scrap.py,portable,deepseek/deepseek-chat-v3.1:free,portable
nonportable/File_descriptor_limits.1.py,nonportable,meta-llama/llama-3.3-70b-instruct,nonportable
nonportable/File_descriptor_limits.1.py,nonportable,x-ai/grok-4-fast,nonportable
nonportable/File_descriptor_limits.1.py,nonportable,openai/gpt-4o-mini,nonportable
nonportable/File_descriptor_limits.1.py,nonportable,deepseek/deepseek-chat-v3.1:free,nonportable
nonportable/readline.1.py,nonportable,meta-llama/llama-3.3-70b-instruct,portable
nonportable/readline.1.py,nonportable,x-ai/grok-4-fast,nonportable
nonportable/readline.1.py,nonportable,openai/gpt-4o-mini,nonportable
nonportable/readline.1.py,nonportable,deepseek/deepseek-chat-v3.1:free,nonportable
nonportable/Opened_file_locking.2.py,nonportable,meta-llama/llama-3.3-70b-instruct,nonportable
nonportable/Opened_file_locking.2.py,nonportable,x-ai/grok-4-fast,portable
nonportable/Opened_file_locking.2.py,nonportable,openai/gpt-4o-mini,nonportable
nonportable/Opened_file_locking.2.py,nonportable,deepseek/deepseek-chat-v3.1:free,nonportable
nonportable/no_display_avaliable_in_github_ci_for_linux.2.py,nonportable,meta-llama/llama-3.3-70b-instruct,nonportable
nonportable/no_display_avaliable_in_github_ci_for_linux.2.py,nonportable,x-ai/grok-4-fast,portable
nonportable/no_display_avaliable_in_github_ci_for_linux.2.py,nonportable,openai/gpt-4o-mini,nonportable
nonportable/no_display_avaliable_in_github_ci_for_linux.2.py,nonportable,deepseek/deepseek-chat-v3.1:free,portable
nonportable/GUI_window-manager_differences.1.py,nonportable,meta-llama/llama-3.3-70b-instruct,nonportable
nonportable/GUI_window-manager_differences.1.py,nonportable,x-ai/grok-4-fast,portable
nonportable/GUI_window-manager_differences.1.py,nonportable,openai/gpt-4o-mini,nonportable
nonportable/GUI_window-manager_differences.1.py,nonportable,deepseek/deepseek-chat-v3.1:free,nonportable
nonportable/version.py,nonportable,meta-llama/llama-3.3-70b-instruct,nonportable
nonportable/version.py,nonportable,x-ai/grok-4-fast,nonportable
nonportable/version.py,nonportable,openai/gpt-4o-mini,nonportable
nonportable/version.py,nonportable,deepseek/deepseek-chat-v3.1:free,nonportable
nonportable/uname().1.py,nonportable,meta-llama/llama-3.3-70b-instruct,nonportable
nonportable/uname().1.py,nonportable,x-ai/grok-4-fast,nonportable
nonportable/uname().1.py,nonportable,openai/gpt-4o-mini,nonportable
nonportable/uname().1.py,nonportable,deepseek/deepseek-chat-v3.1:free,nonportable
nonportable/getuid().1.py,nonportable,meta-llama/llama-3.3-70b-instruct,nonportable
nonportable/getuid().1.py,nonportable,x-ai/grok-4-fast,nonportable
nonportable/getuid().1.py,nonportable,openai/gpt-4o-mini,nonportable
nonportable/getuid().1.py,nonportable,deepseek/deepseek-chat-v3.1:free,nonportable
nonportable/Line_ending_mismatch.1.py,nonportable,meta-llama/llama-3.3-70b-instruct,nonportable
nonportable/Line_ending_mismatch.1.py,nonportable,x-ai/grok-4-fast,nonportable
nonportable/Line_ending_mismatch.1.py,nonportable,openai/gpt-4o-mini,nonportable
nonportable/Line_ending_mismatch.1.py,nonportable,deepseek/deepseek-chat-v3.1:free,nonportable
nonportable/Curses_maybe_not_avaliable_Win.1.py,nonportable,meta-llama/llama-3.3-70b-instruct,nonportable
nonportable/Curses_maybe_not_avaliable_Win.1.py,nonportable,x-ai/grok-4-fast,portable
nonportable/Curses_maybe_not_avaliable_Win.1.py,nonportable,openai/gpt-4o-mini,nonportable
nonportable/Curses_maybe_not_avaliable_Win.1.py,nonportable,deepseek/deepseek-chat-v3.1:free,nonportable
nonportable/missing_a_lib.1.py,nonportable,meta-llama/llama-3.3-70b-instruct,portable
nonportable/missing_a_lib.1.py,nonportable,x-ai/grok-4-fast,portable
nonportable/missing_a_lib.1.py,nonportable,openai/gpt-4o-mini,portable
nonportable/missing_a_lib.1.py,nonportable,deepseek/deepseek-chat-v3.1:free,portable
nonportable/Command_execution_mismatch.1.py,nonportable,meta-llama/llama-3.3-70b-instruct,nonportable
nonportable/Command_execution_mismatch.1.py,nonportable,x-ai/grok-4-fast,nonportable
nonportable/Command_execution_mismatch.1.py,nonportable,openai/gpt-4o-mini,nonportable
nonportable/Command_execution_mismatch.1.py,nonportable,deepseek/deepseek-chat-v3.1:free,nonportable
nonportable/permission_mismatch.2.py,nonportable,meta-llama/llama-3.3-70b-instruct,nonportable
nonportable/permission_mismatch.2.py,nonportable,x-ai/grok-4-fast,nonportable
nonportable/permission_mismatch.2.py,nonportable,openai/gpt-4o-mini,nonportable
nonportable/permission_mismatch.2.py,nonportable,deepseek/deepseek-chat-v3.1:free,nonportable
nonportable/Address_already_in_use.2.py,nonportable,meta-llama/llama-3.3-70b-instruct,portable
nonportable/Address_already_in_use.2.py,nonportable,x-ai/grok-4-fast,portable
nonportable/Address_already_in_use.2.py,nonportable,openai/gpt-4o-mini,nonportable
nonportable/Address_already_in_use.2.py,nonportable,deepseek/deepseek-chat-v3.1:free,nonportable
nonportable/Terminal_capability_mismatch.py,nonportable,meta-llama/llama-3.3-70b-instruct,nonportable
nonportable/Terminal_capability_mismatch.py,nonportable,x-ai/grok-4-fast,portable
nonportable/Terminal_capability_mismatch.py,nonportable,openai/gpt-4o-mini,portable
nonportable/Terminal_capability_mismatch.py,nonportable,deepseek/deepseek-chat-v3.1:free,nonportable
nonportable/Encoding_mismatch.2.py,nonportable,meta-llama/llama-3.3-70b-instruct,nonportable
nonportable/Encoding_mismatch.2.py,nonportable,x-ai/grok-4-fast,portable
nonportable/Encoding_mismatch.2.py,nonportable,openai/gpt-4o-mini,nonportable
nonportable/Encoding_mismatch.2.py,nonportable,deepseek/deepseek-chat-v3.1:free,nonportable
nonportable/OS-specific_pathing.2.py,nonportable,meta-llama/llama-3.3-70b-instruct,nonportable
nonportable/OS-specific_pathing.2.py,nonportable,x-ai/grok-4-fast,nonportable
nonportable/OS-specific_pathing.2.py,nonportable,openai/gpt-4o-mini,nonportable
nonportable/OS-specific_pathing.2.py,nonportable,deepseek/deepseek-chat-v3.1:free,nonportable
nonportable/resource.1.py,nonportable,meta-llama/llama-3.3-70b-instruct,portable
nonportable/resource.1.py,nonportable,x-ai/grok-4-fast,nonportable
nonportable/resource.1.py,nonportable,openai/gpt-4o-mini,nonportable
nonportable/resource.1.py,nonportable,deepseek/deepseek-chat-v3.1:free,nonportable
nonportable/Encoding_mismatch.1.py,nonportable,meta-llama/llama-3.3-70b-instruct,nonportable
nonportable/Encoding_mismatch.1.py,nonportable,x-ai/grok-4-fast,portable
nonportable/Encoding_mismatch.1.py,nonportable,openai/gpt-4o-mini,nonportable
nonportable/Encoding_mismatch.1.py,nonportable,deepseek/deepseek-chat-v3.1:free,nonportable
nonportable/getpgid().1.py,nonportable,meta-llama/llama-3.3-70b-instruct,portable
nonportable/getpgid().1.py,nonportable,x-ai/grok-4-fast,nonportable
nonportable/getpgid().1.py,nonportable,openai/gpt-4o-mini,nonportable
nonportable/getpgid().1.py,nonportable,deepseek/deepseek-chat-v3.1:free,nonportable
nonportable/OS-specific_pathing.1.py,nonportable,meta-llama/llama-3.3-70b-instruct,nonportable
nonportable/OS-specific_pathing.1.py,nonportable,x-ai/grok-4-fast,nonportable
nonportable/OS-specific_pathing.1.py,nonportable,openai/gpt-4o-mini,nonportable
nonportable/OS-specific_pathing.1.py,nonportable,deepseek/deepseek-chat-v3.1:free,nonportable
nonportable/Line_ending_mismatch.2.py,nonportable,meta-llama/llama-3.3-70b-instruct,nonportable
nonportable/Line_ending_mismatch.2.py,nonportable,x-ai/grok-4-fast,nonportable
nonportable/Line_ending_mismatch.2.py,nonportable,openai/gpt-4o-mini,nonportable
nonportable/Line_ending_mismatch.2.py,nonportable,deepseek/deepseek-chat-v3.1:free,nonportable
nonportable/missing_a_lib.2.py,nonportable,meta-llama/llama-3.3-70b-instruct,nonportable
nonportable/missing_a_lib.2.py,nonportable,x-ai/grok-4-fast,nonportable
nonportable/missing_a_lib.2.py,nonportable,openai/gpt-4o-mini,nonportable
nonportable/missing_a_lib.2.py,nonportable,deepseek/deepseek-chat-v3.1:free,portable
nonportable/permission_mismatch.1.py,nonportable,meta-llama/llama-3.3-70b-instruct,nonportable
nonportable/permission_mismatch.1.py,nonportable,x-ai/grok-4-fast,nonportable
nonportable/permission_mismatch.1.py,nonportable,openai/gpt-4o-mini,nonportable
nonportable/permission_mismatch.1.py,nonportable,deepseek/deepseek-chat-v3.1:free,nonportable
nonportable/Command_execution_mismatch.2.py,nonportable,meta-llama/llama-3.3-70b-instruct,nonportable
nonportable/Command_execution_mismatch.2.py,nonportable,x-ai/grok-4-fast,portable
nonportable/Command_execution_mismatch.2.py,nonportable,openai/gpt-4o-mini,nonportable
nonportable/Command_execution_mismatch.2.py,nonportable,deepseek/deepseek-chat-v3.1:free,nonportable
nonportable/Address_already_in_use.1.py,nonportable,meta-llama/llama-3.3-70b-instruct,nonportable
nonportable/Address_already_in_use.1.py,nonportable,x-ai/grok-4-fast,nonportable
nonportable/Address_already_in_use.1.py,nonportable,openai/gpt-4o-mini,nonportable
nonportable/Address_already_in_use.1.py,nonportable,deepseek/deepseek-chat-v3.1:free,nonportable
nonportable/uname().2.py,nonportable,meta-llama/llama-3.3-70b-instruct,nonportable
nonportable/uname().2.py,nonportable,x-ai/grok-4-fast,nonportable
nonportable/uname().2.py,nonportable,openai/gpt-4o-mini,nonportable
nonportable/uname().2.py,nonportable,deepseek/deepseek-chat-v3.1:free,nonportable
nonportable/Signal_handling.1.py,nonportable,meta-llama/llama-3.3-70b-instruct,nonportable
nonportable/Signal_handling.1.py,nonportable,x-ai/grok-4-fast,nonportable
nonportable/Signal_handling.1.py,nonportable,openai/gpt-4o-mini,nonportable
nonportable/Signal_handling.1.py,nonportable,deepseek/deepseek-chat-v3.1:free,nonportable
nonportable/geteuid().1.py,nonportable,meta-llama/llama-3.3-70b-instruct,nonportable
nonportable/geteuid().1.py,nonportable,x-ai/grok-4-fast,nonportable
nonportable/geteuid().1.py,nonportable,openai/gpt-4o-mini,nonportable
nonportable/geteuid().1.py,nonportable,deepseek/deepseek-chat-v3.1:free,nonportable
nonportable/lib_fcntl_dont_works_in_windows.py,nonportable,meta-llama/llama-3.3-70b-instruct,nonportable
nonportable/lib_fcntl_dont_works_in_windows.py,nonportable,x-ai/grok-4-fast,portable
nonportable/lib_fcntl_dont_works_in_windows.py,nonportable,openai/gpt-4o-mini,nonportable
nonportable/lib_fcntl_dont_works_in_windows.py,nonportable,deepseek/deepseek-chat-v3.1:free,portable
nonportable/Dynamic_library_loading_mismatch.1.py,nonportable,meta-llama/llama-3.3-70b-instruct,nonportable
nonportable/Dynamic_library_loading_mismatch.1.py,nonportable,x-ai/grok-4-fast,nonportable
nonportable/Dynamic_library_loading_mismatch.1.py,nonportable,openai/gpt-4o-mini,nonportable
nonportable/Dynamic_library_loading_mismatch.1.py,nonportable,deepseek/deepseek-chat-v3.1:free,portable
nonportable/Opened_file_locking.1.py,nonportable,meta-llama/llama-3.3-70b-instruct,nonportable
nonportable/Opened_file_locking.1.py,nonportable,x-ai/grok-4-fast,portable
nonportable/Opened_file_locking.1.py,nonportable,openai/gpt-4o-mini,nonportable
nonportable/Opened_file_locking.1.py,nonportable,deepseek/deepseek-chat-v3.1:free,nonportable
nonportable/no_display_avaliable_in_github_ci_for_linux.1.py,nonportable,meta-llama/llama-3.3-70b-instruct,nonportable
nonportable/no_display_avaliable_in_github_ci_for_linux.1.py,nonportable,x-ai/grok-4-fast,portable
nonportable/no_display_avaliable_in_github_ci_for_linux.1.py,nonportable,openai/gpt-4o-mini,nonportable
nonportable/no_display_avaliable_in_github_ci_for_linux.1.py,nonportable,deepseek/deepseek-chat-v3.1:free,nonportable
nonportable/GUI_window-manager_differences.2.py,nonportable,meta-llama/llama-3.3-70b-instruct,nonportable
nonportable/GUI_window-manager_differences.2.py,nonportable,x-ai/grok-4-fast,portable
nonportable/GUI_window-manager_differences.2.py,nonportable,openai/gpt-4o-mini,nonportable
nonportable/GUI_window-manager_differences.2.py,nonportable,deepseek/deepseek-chat-v3.1:free,portable
